NombreHotel,PrecioHotel,Dias
1. Blue Bay Hotel,113 €,30
2. Torre Marbella Salinas,108 €,30
3. Hotel Colón Salinas,124 €,30
4. Hostería Ecológica El Faro,184 €,30
5. Playa Canela Hotel Boutique,181 €,30
6. Chescos Hostel & Hotel,32 €,30
7. Greenfield's Hotel Spa - Eventos,78 €,30
8. Casablanca Salinas,38 €,30
9. Cocos Hotel,37 €,30
10. Chaqana Lodge,23 €,30
11. Hostal La Costanera,45 €,30
12. Hotel Marvento II,52 €,30
13. Hotel Caridi,80 €,30
14. Hotel Suites Costa de Oro,108 €,30
1. Hostería Ecológica El Faro,184 €,15
2. Playa Canela Hotel Boutique,181 €,15
3. Blue Bay Hotel,211 €,15
4. Casablanca Salinas,122 €,15
5. Chescos Hostel & Hotel,104 €,15
6. Hotel Caridi,117 €,15
7. Hostal La Costanera,104 €,15
8. Cocos Hotel,78 €,15
9. Hotel Suites Costa de Oro,32 €,15
10. Hotel Marvento II,86 €,15
"Patrocinado
Hotel Caridi",48 €,15
11. Bluebeach,48 €,15
12. Hotel Arena Blanca,39 €,15
13. Torre Marbella Salinas,40 €,15
14. Departamento En Torre Oceanica,59 €,15
15. Hotel Casablanca Chipipe,59 €,15
16. Villa del Mar,45 €,15
"Patrocinado
Royal Decameron Punta Centinela",86 €,15
17. Sea Horse,34 €,15
Blackpoint Ballenita,47 €,15
Sonikikos,134 €,15
Hosteria Farallon Dillon,146 €,15
Royal Decameron Punta Centinela,57 €,15
Muyuyo Lodge,80 €,15
Playa Aventura Hotel,271 €,15
Hotel Colón Salinas,38 €,15
Las Palmas Del Mar,37 €,15
Hotel Palmira Inn,32 €,15
"Patrocinado
Royal Decameron Punta Centinela",75 €,15
Nautilus Casa di Mare,262 €,15
Big Ralph's Hostal,63 €,15
La Minga Hostal,63 €,15
Chaqana Lodge,1.040 €,15
1. Playa Canela Hotel Boutique,181 €,3
2. Blue Bay Hotel,234 €,3
3. Chescos Hostel & Hotel,197 €,3
4. Condominio Torre Marina,220 €,3
5. Hostal La Costanera,197 €,3
6. Hotel Suites Costa de Oro,30 €,3
7. Hotel Marvento II,763 €,3
8. Torre Marbella Salinas,63 €,3
9. Departamento En Torre Oceanica,63 €,3
Royal Decameron Punta Centinela,74 €,3
Cabañas Oasis de San Pablo,37 €,3
Muyuyo Lodge,265 €,3
Hostería Ecológica El Faro,281 €,3
Hotel Colón Salinas,319 €,3
"Patrocinado
Royal Decameron Punta Centinela",319 €,3
Las Palmas Del Mar,297 €,3
Hosteria Farallon Dillon,42 €,3
Hotel Palmira Inn,79 €,3
Nautilus Casa di Mare,79 €,3
Big Ralph's Hostal,87 €,3
"Patrocinado
Hotel Caridi",319 €,3
La Minga Hostal,104 €,3
Chaqana Lodge,83 €,3
Casa Blanca Playa Cautivo,94 €,3
